Ranked Venues - Marshalls / Tennessee - Total - Sep 01, 2021 - Aug 31,2022,,,
,,,,,
Rank,Name,Store ID,Total Visits,lat,lng
1,"Marshalls / 11455 Parkside Dr, Knoxville, TN, United States",247,667805,35.90036903,-84.16504292
2,"Marshalls / 454 Pinnacle Pkwy, Bristol, TN, United States",1281,603255,36.59428253,-82.26120263
3,"Marshalls / Clinton Highway, Knoxville, Tennessee, United States",856,561367,36.00560161,-84.02129132
4,"Marshalls / 202 Thorton Dr, Dickson, TN, United States",1262,498539,36.06464859,-87.38214268
5,"Marshalls / 3062 Teaster Ln, Pigeon Forge, TN, United States",1476,482572,35.7947587,-83.55793115
6,"Marshalls / 1081 Vann Dr, Ste 108, Jackson, TN, United States",477,429958,35.66831885,-88.86081176
7,"Marshalls / 9125 Poplar Ave, Germantown, TN, United States",592,425903,35.06692717,-89.75868571
8,"Marshalls / 2040 Hamilton Place Blvd, Ste 300, Chattanooga, TN, United States",394,404148,35.03060566,-85.1603834
9,"Marshalls / 2300 Madison St, Clarksville, TN, United States",1462,380377,36.50635176,-87.27211958
10,"Marshalls / 1697 N Germantown Pkwy, Cordova, TN, United States",747,376821,35.1717264,-89.79537508
11,"Marshalls / 3135 Lebanon Pike, Ste 106, Nashville, TN, United States",395,357338,36.18078371,-86.63873721
12,"Marshalls / 384 US-51, Dyersburg, TN, United States",1487,346149,36.058481,-89.38297864
13,"Marshalls / 490 N Thompson Ln, Murfreesboro, TN, United States",491,345718,35.85514928,-86.42752802
14,"Marshalls / Cordova, TN, United States",1138,340179,35.05252409,-89.80833985
15,"Marshalls / 5756 TN-153, Hixson, TN, United States",815,319111,35.15531384,-85.2457901
16,"Marshalls / 2000 Mallory Ln # 500, Franklin, TN, United States",594,294725,35.9487633,-86.8177021
17,"Marshalls / 3001 Covington Pike, Memphis, TN, United States",150,274228,35.20774682,-89.89610965
18,"Marshalls / 6806 Charlotte Pike, Nashville, TN, United States",1005,256613,36.13668573,-86.89025267
19,"Marshalls / 1355 Tusculum Blvd, Greeneville, TN, United States",1456,247037,36.17549394,-82.79590644
20,"Marshalls / New Harvest Lane, Knoxville, Tennessee, United States",1021,241529,36.03737298,-83.8873844
21,"Marshalls / Hendersonville, Tennessee, United States",1314,199711,36.32191681,-86.6014702
